date,close_price,title_positive,title_neutral,title_negative,content_positive,content_neutral,content_negative,rolling_price_7,trend_flag_7
2023-12-01,135.02000427246094,0.255387395620346,0.509494543075562,0.235118046402931,0.36518993973732,0.419929027557373,0.214881047606468,,
2023-12-02,135.02000427246094,0.255387395620346,0.509494543075562,0.235118046402931,0.36518993973732,0.419929027557373,0.214881047606468,,
2023-12-03,135.02000427246094,0.240205883979797,0.425294697284699,0.334499403834343,0.316523566842079,0.370256304740906,0.313220106065273,,
2023-12-04,133.6999969482422,0.260377913713455,0.541886568069458,0.197735548019409,0.23212993144989,0.452698111534119,0.315172016620636,,
2023-12-05,133.7100067138672,0.280141979455948,0.502534076571465,0.217323958873749,0.305942863225937,0.467506870627403,0.226550221443176,,
2023-12-06,135.30999755859375,0.258583821356297,0.50415600091219,0.237260159105062,0.298607297241688,0.444416634738445,0.256976068019867,,
2023-12-07,139.83999633789062,0.250981122255325,0.513450741767883,0.235568135976791,0.238607078790665,0.494633436203003,0.266759514808655,,
2023-12-08,140.67999267578125,0.254313051700592,0.267516583204269,0.478170365095139,0.36518993973732,0.419929027557373,0.214881047606468,,
2023-12-09,140.67999267578125,0.245045688003302,0.48650523275137,0.268449075520039,0.30304042622447,0.459035597741604,0.237923998385668,,
2023-12-10,140.67999267578125,0.310636855661869,0.415197268128395,0.274165876209736,0.365189909934998,0.419929057359695,0.214881047606468,,
2023-12-11,142.91000366210938,0.212029963731766,0.433144122362137,0.354825884103775,0.36518993973732,0.419929027557373,0.214881047606468,,
2023-12-12,140.5500030517578,0.235528916120529,0.156010627746582,0.608460485935211,0.36518993973732,0.419929027557373,0.214881047606468,,
2023-12-13,144.50999450683594,0.287145280412265,0.44074832541602,0.272106398429189,0.346944751484053,0.414277178900582,0.238778090902737,,
2023-12-14,147.25999450683594,0.287145280412265,0.44074832541602,0.272106398429189,0.346944751484053,0.414277178900582,0.238778090902737,,
2023-12-15,146.60000610351562,0.358546397515706,0.398710216794695,0.242743404848235,0.370315407003675,0.428096886192049,0.201587700418064,,
2023-12-16,146.60000610351562,0.358546397515706,0.398710216794695,0.242743404848235,0.370315407003675,0.428096886192049,0.201587700418064,,
2023-12-17,146.60000610351562,0.251159004867077,0.374927565455437,0.373913407325745,0.313605770468712,0.417840108275414,0.268554054200649,,
2023-12-18,147.5,0.267449499832259,0.398493852880266,0.334056650598844,0.289601864086257,0.356621417734358,0.353776709900962,,
2023-12-19,146.91000366210938,0.267782179372651,0.39014858007431,0.342069249067988,0.297461601240294,0.418937355279923,0.283601062638419,,
2023-12-20,141.07000732421875,0.27845361828804,0.244628727436066,0.476917631924152,0.258273042738438,0.366016577929258,0.375710379332304,,
2023-12-21,142.08999633789062,0.239176638424397,0.286336995661259,0.474486410617828,0.326639831066132,0.333694703876972,0.339665450155735,,
2023-12-22,140.8000030517578,0.341109544038773,0.494412869215012,0.164477661252022,0.344996958971024,0.247487366199493,0.407515674829483,,
2023-12-23,140.8000030517578,0.246192246675491,0.462763220071793,0.291044503450394,0.36518993973732,0.419929027557373,0.214881047606468,,
2023-12-24,140.8000030517578,0.275299444794655,0.300557717680931,0.424142792820931,0.365189909934998,0.419929057359695,0.214881047606468,,
2023-12-25,140.8000030517578,0.29042848944664,0.459651827812195,0.249919682741165,0.36518993973732,0.419929027557373,0.214881047606468,,
2023-12-26,138.72000122070312,0.23142509162426,0.420906841754913,0.347668036818504,0.325561568140984,0.350926861166954,0.323511563241482,,
2023-12-27,136.5500030517578,0.350384424130122,0.334795107444127,0.314820443590482,0.358791371186574,0.29002616306146,0.351182515422503,,
2023-12-28,137.0,0.243419583886862,0.480286255478859,0.276294156908989,0.244887810200453,0.500270187854767,0.254842020571232,,
2023-12-29,136.13999938964844,0.243419583886862,0.480286255478859,0.276294156908989,0.244887810200453,0.500270187854767,0.254842020571232,,
2023-12-30,136.13999938964844,0.237160295248032,0.501815557479858,0.261024117469788,0.36518993973732,0.419929027557373,0.214881047606468,,
2023-12-31,136.13999938964844,0.331854090094566,0.474855691194534,0.193290181457996,0.365189909934998,0.419929057359695,0.214881047606468,,
2024-01-01,136.13999938964844,0.231912165880203,0.171234533190727,0.596853315830231,0.36518993973732,0.419929027557373,0.214881047606468,136.69000026157923,0.0
2024-01-02,134.47999572753906,0.231912165880203,0.171234533190727,0.596853315830231,0.36518993973732,0.419929027557373,0.214881047606468,136.08428519112724,0.0
2024-01-03,133.4199981689453,0.231912165880203,0.171234533190727,0.596853315830231,0.36518993973732,0.419929027557373,0.214881047606468,135.63714163643974,0.0
2024-01-04,133.72000122070312,0.231912165880203,0.171234533190727,0.596853315830231,0.36518993973732,0.419929027557373,0.214881047606468,135.16857038225447,0.0
2024-01-05,135.97999572753906,0.268783137202263,0.384689942002296,0.346526920795441,0.365189909934998,0.419929057359695,0.214881047606468,135.14571271623885,1.0
2024-01-06,135.97999572753906,0.268783137202263,0.384689942002296,0.346526920795441,0.365189909934998,0.419929057359695,0.214881047606468,135.12285505022322,1.0
2024-01-07,135.97999572753906,0.242646291851997,0.470968648791313,0.286385014653206,0.365189909934998,0.419929057359695,0.214881047606468,135.0999973842076,1.0
2024-01-08,140.0800018310547,0.242646291851997,0.470968648791313,0.286385014653206,0.365189909934998,0.419929057359695,0.214881047606468,135.66285487583704,1.0
2024-01-09,139.52999877929688,0.242646291851997,0.470968648791313,0.286385014653206,0.365189909934998,0.419929057359695,0.214881047606468,136.38428388323103,1.0
2024-01-10,139.75999450683594,0.242646291851997,0.470968648791313,0.286385014653206,0.365189909934998,0.419929057359695,0.214881047606468,137.28999764578683,1.0
2024-01-11,139.4499969482422,0.272020106514295,0.47383850812912,0.254141390323639,0.365189909934998,0.419929027557373,0.214881032705307,138.1085684640067,1.0
2024-01-12,137.13999938964844,0.391414329409599,0.357159972190857,0.251425683498383,0.365189909934998,0.419929057359695,0.214881047606468,138.27428327287947,0.0
2024-01-13,137.13999938964844,0.27374492585659,0.409315630793571,0.316939383745194,0.365189909934998,0.419929057359695,0.214881047606468,138.43999808175224,0.0
2024-01-14,137.13999938964844,0.27374492585659,0.409315630793571,0.316939383745194,0.365189909934998,0.419929057359695,0.214881047606468,138.605712890625,0.0
2024-01-15,137.13999938964844,0.288061201572418,0.53423684835434,0.177702024579048,0.36518993973732,0.419929027557373,0.214881047606468,138.18571254185267,0.0
2024-01-16,135.02000427246094,0.288061201572418,0.53423684835434,0.177702024579048,0.36518993973732,0.419929027557373,0.214881047606468,137.5414276123047,0.0
2024-01-17,134.97999572753906,0.288061201572418,0.53423684835434,0.177702024579048,0.36518993973732,0.419929027557373,0.214881047606468,136.8585706438337,0.0
2024-01-18,137.0399932861328,0.238378793001175,0.467824876308441,0.293796390295029,0.36518993973732,0.419929027557373,0.214881047606468,136.51428440638952,1.0
2024-01-19,139.92999267578125,0.238378793001175,0.467824876308441,0.293796390295029,0.36518993973732,0.419929027557373,0.214881047606468,136.91285487583704,1.0
2024-01-20,139.92999267578125,0.244049087166786,0.443028032779694,0.312922865152359,0.36518993973732,0.419929027557373,0.214881047606468,137.3114253452846,1.0
2024-01-21,139.92999267578125,0.244049087166786,0.443028032779694,0.312922865152359,0.36518993973732,0.419929027557373,0.214881047606468,137.70999581473214,1.0
2024-01-22,142.00999450683594,0.244049087166786,0.443028032779694,0.312922865152359,0.36518993973732,0.419929027557373,0.214881047606468,138.40570940290178,1.0
2024-01-23,142.3000030517578,0.255851358175278,0.433704942464829,0.310443729162216,0.36518993973732,0.419929027557373,0.214881047606468,139.44570922851562,1.0
2024-01-24,141.19000244140625,0.263817340135574,0.489711731672287,0.246470957994461,0.36518993973732,0.419929027557373,0.214881047606468,140.33285304478235,1.0
2024-01-25,142.11000061035156,0.263817340135574,0.489711731672287,0.246470957994461,0.36518993973732,0.419929027557373,0.214881047606468,141.05713980538505,1.0
2024-01-26,149.6199951171875,0.281007245182991,0.422420009970665,0.296572782099247,0.310686953365803,0.459491357207298,0.229821715503931,142.44142586844308,1.0
2024-01-27,149.6199951171875,0.281007245182991,0.422420009970665,0.296572782099247,0.310686953365803,0.459491357207298,0.229821715503931,143.8257119315011,1.0
2024-01-28,149.6199951171875,0.256900161504746,0.339617639780045,0.403482154011726,0.365189909934998,0.419929057359695,0.214881047606468,145.20999799455916,1.0
2024-01-29,152.6999969482422,0.256900161504746,0.339617639780045,0.403482154011726,0.365189909934998,0.419929057359695,0.214881047606468,146.73714120047433,1.0
2024-01-30,149.44000244140625,0.411263763904572,0.401159912347794,0.187576323747635,0.36518993973732,0.419929027557373,0.214881047606468,147.75714111328125,1.0
2024-01-31,144.13999938964844,0.236928522586823,0.248194346825282,0.514877090851466,0.330986827611923,0.342125246922175,0.326887995004654,148.17856924874442,0.0
2024-02-01,146.49000549316406,0.236928522586823,0.248194346825282,0.514877090851466,0.330986827611923,0.342125246922175,0.326887995004654,148.80428423200334,0.0
2024-02-02,146.5500030517578,0.236928522586823,0.248194346825282,0.514877090851466,0.330986827611923,0.342125246922175,0.326887995004654,148.36571393694197,0.0
2024-02-03,146.5500030517578,0.264761745929718,0.478749245405197,0.256488978862762,0.36518993973732,0.419929027557373,0.214881047606468,147.92714364188058,0.0
2024-02-04,146.5500030517578,0.264761745929718,0.478749245405197,0.256488978862762,0.36518993973732,0.419929027557373,0.214881047606468,147.4885733468192,0.0
2024-02-05,144.77999877929688,0.264761745929718,0.478749245405197,0.256488978862762,0.36518993973732,0.419929027557373,0.214881047606468,146.35714503696985,0.0
2024-02-06,144.52999877929688,0.264761745929718,0.478749245405197,0.256488978862762,0.36518993973732,0.419929027557373,0.214881047606468,145.6557159423828,0.0
2024-02-07,147.5500030517578,0.248062506318092,0.439671188592911,0.312266260385513,0.36518993973732,0.419929027557373,0.214881047606468,146.14285932268416,1.0
2024-02-08,150.5399932861328,0.237742125988007,0.449233829975128,0.313024014234543,0.36518993973732,0.419929027557373,0.214881047606468,146.72142900739397,1.0
2024-02-09,147.59500122070312,0.237742125988007,0.449233829975128,0.313024014234543,0.36518993973732,0.419929027557373,0.214881047606468,146.87071446010046,1.0
2024-02-10,147.59500122070312,0.374190449714661,0.435419112443924,0.190390348434448,0.36518993973732,0.419929027557373,0.214881047606468,147.01999991280692,1.0
2024-02-11,147.59500122070312,0.374190449714661,0.435419112443924,0.190390348434448,0.36518993973732,0.419929027557373,0.214881047606468,147.1692853655134,1.0
2024-02-12,153.8000030517578,0.374190449714661,0.435419112443924,0.190390348434448,0.36518993973732,0.419929027557373,0.214881047606468,148.4578574044364,1.0
2024-02-13,150.82000732421875,0.334497615695,0.330944608896971,0.33455777540803,0.365189902484417,0.419929072260857,0.214881047606468,149.35643005371094,1.0
2024-02-14,148.1999969482422,0.277239318937063,0.372749906033278,0.35001077875495,0.330148983746767,0.44022911041975,0.229621917009354,149.44928632463728,0.0
2024-02-15,157.69000244140625,0.277239318937063,0.372749906033278,0.35001077875495,0.330148983746767,0.44022911041975,0.229621917009354,150.47071620396204,1.0
2024-02-16,152.50999450683594,0.25973254442215,0.439755737781525,0.300511732697487,0.365189909934998,0.419929057359695,0.214881047606468,151.17285810198103,1.0
2024-02-17,152.50999450683594,0.25973254442215,0.439755737781525,0.300511732697487,0.365189909934998,0.419929057359695,0.214881047606468,151.875,1.0
2024-02-18,152.50999450683594,0.286711807052294,0.440310776233673,0.272977441549301,0.351633280515671,0.424175490935644,0.224191298087438,152.57714189801897,0.0
2024-02-19,152.50999450683594,0.286711807052294,0.440310776233673,0.272977441549301,0.351633280515671,0.424175490935644,0.224191298087438,152.39285496303015,1.0
2024-02-20,148.14999389648438,0.254921153187752,0.454564293225606,0.290514538685481,0.365189909934998,0.419929027557373,0.214881032705307,152.0114244733538,0.0
2024-02-21,149.24000549316406,0.254921153187752,0.454564293225606,0.290514538685481,0.365189909934998,0.419929027557373,0.214881032705307,152.15999712262834,0.0
2024-02-22,155.25999450683594,0.254921153187752,0.454564293225606,0.290514538685481,0.365189909934998,0.419929027557373,0.214881032705307,151.81285313197546,1.0
2024-02-23,152.66000366210938,0.230827043453852,0.465528120597204,0.303644816080729,0.365189909934998,0.419929027557373,0.214881032705307,151.83428301130022,1.0
2024-02-24,152.66000366210938,0.230827043453852,0.465528120597204,0.303644816080729,0.365189909934998,0.419929027557373,0.214881032705307,151.855712890625,1.0
2024-02-25,152.66000366210938,0.216998532414436,0.41897577047348,0.364025682210922,0.270220726728439,0.292640507221222,0.437138706445694,151.87714276994978,1.0
2024-02-26,149.27000427246094,0.250434100627899,0.250297367572784,0.499268531799316,0.36518993973732,0.419929027557373,0.214881047606468,151.41428702218192,0.0
2024-02-27,152.05999755859375,0.217485249042511,0.517851829528809,0.26466292142868,0.226354420185089,0.504856765270233,0.268788754940033,151.97285897391183,1.0
2024-02-28,153.42999267578125,0.25851700703303,0.465920885403951,0.275562097628911,0.365189909934998,0.419929027557373,0.214881032705307,152.57142857142858,1.0
2024-02-29,157.47000122070312,0.30453164378802,0.378125876188278,0.317342460155487,0.365189909934998,0.419929027557373,0.214881032705307,152.88714381626673,1.0
2024-03-01,159.72000122070312,0.30453164378802,0.378125876188278,0.317342460155487,0.365189909934998,0.419929027557373,0.214881032705307,153.89571489606584,1.0
2024-03-02,159.72000122070312,0.30453164378802,0.378125876188278,0.317342460155487,0.365189909934998,0.419929027557373,0.214881032705307,154.90428597586495,1.0
2024-03-03,159.72000122070312,0.30453164378802,0.378125876188278,0.317342460155487,0.365189909934998,0.419929027557373,0.214881032705307,155.91285705566406,1.0
2024-03-04,158.08999633789062,0.342937469482422,0.490113765001297,0.16694875061512,0.36518993973732,0.419929027557373,0.214881047606468,157.172855922154,1.0
2024-03-05,159.3300018310547,0.342937469482422,0.490113765001297,0.16694875061512,0.36518993973732,0.419929027557373,0.214881047606468,158.21142796107702,1.0
2024-03-06,163.8699951171875,0.289259940385819,0.332155644893646,0.378584444522858,0.36518993973732,0.419929027557373,0.214881047606468,159.7028568812779,1.0
2024-03-07,163.5399932861328,0.265197977423668,0.41897751390934,0.315824553370476,0.365189909934998,0.419929057359695,0.214881047606468,160.56999860491072,1.0
2024-03-08,164.91000366210938,0.253244787454605,0.494467884302139,0.252287238836288,0.36518993973732,0.419929027557373,0.214881047606468,161.3114275251116,1.0
2024-03-09,164.91000366210938,0.241866633296013,0.433828920125961,0.324304521083832,0.36518993973732,0.419929027557373,0.214881047606468,162.0528564453125,1.0
2024-03-10,164.91000366210938,0.241866633296013,0.433828920125961,0.324304521083832,0.36518993973732,0.419929027557373,0.214881047606468,162.7942853655134,1.0
2024-03-11,162.99000549316406,0.25064540547984,0.343950429133007,0.405404244150434,0.291157032762255,0.372674882411957,0.336168097598212,163.4942866734096,0.0
2024-03-12,166.6699981689453,0.263339787721634,0.350860476493835,0.385799765586853,0.34049192070961,0.287987858057022,0.371520221233368,164.54285757882255,1.0
2024-03-13,164.75999450683594,0.251714929938316,0.333485640585423,0.414799436926842,0.365189909934998,0.419929057359695,0.214881047606468,164.67000034877233,1.0
2024-03-14,166.44000244140625,0.251714929938316,0.333485640585423,0.414799436926842,0.365189909934998,0.419929057359695,0.214881047606468,165.08428737095423,1.0
2024-03-15,160.63999938964844,0.251714929938316,0.333485640585423,0.414799436926842,0.365189909934998,0.419929057359695,0.214881047606468,164.47428676060267,0.0
2024-03-16,160.63999938964844,0.251714929938316,0.333485640585423,0.414799436926842,0.365189909934998,0.419929057359695,0.214881047606468,163.8642861502511,0.0
2024-03-17,160.63999938964844,0.251714929938316,0.333485640585423,0.414799436926842,0.365189909934998,0.419929057359695,0.214881047606468,163.25428553989954,0.0
2024-03-18,161.86000061035156,0.31044614315033,0.524118781089783,0.16543510556221,0.272217392921448,0.319361001253128,0.408421635627747,163.09285627092635,0.0
2024-03-19,161.7899932861328,0.31044614315033,0.524118781089783,0.16543510556221,0.272217392921448,0.319361001253128,0.408421635627747,162.39571271623885,0.0
2024-03-20,164.7100067138672,0.31044614315033,0.524118781089783,0.16543510556221,0.272217392921448,0.319361001253128,0.408421635627747,162.3885716029576,1.0
2024-03-21,168.17999267578125,0.305190615355969,0.453913137316704,0.240896262228489,0.294619515538216,0.464395716786385,0.240984790027142,162.63714163643974,1.0
2024-03-22,167.86000061035156,0.305190615355969,0.453913137316704,0.240896262228489,0.294619515538216,0.464395716786385,0.240984790027142,163.66857038225447,1.0
2024-03-23,167.86000061035156,0.305190615355969,0.453913137316704,0.240896262228489,0.294619515538216,0.464395716786385,0.240984790027142,164.6999991280692,1.0
2024-03-24,167.86000061035156,0.305190615355969,0.453913137316704,0.240896262228489,0.294619515538216,0.464395716786385,0.240984790027142,165.73142787388392,1.0
2024-03-25,167.99000549316406,0.305190615355969,0.453913137316704,0.240896262228489,0.294619515538216,0.464395716786385,0.240984790027142,166.60714285714286,1.0
2024-03-26,167.38999938964844,0.305190615355969,0.453913137316704,0.240896262228489,0.294619515538216,0.464395716786385,0.240984790027142,167.40714372907365,0.0
2024-03-27,166.41000366210938,0.305190615355969,0.453913137316704,0.240896262228489,0.294619515538216,0.464395716786385,0.240984790027142,167.6500004359654,0.0
2024-03-28,164.9600067138672,0.305190615355969,0.453913137316704,0.240896262228489,0.294619515538216,0.464395716786385,0.240984790027142,167.19000244140625,0.0
2024-03-29,164.9600067138672,0.305190615355969,0.453913137316704,0.240896262228489,0.294619515538216,0.464395716786385,0.240984790027142,166.77571759905135,0.0
2024-03-30,164.9600067138672,0.302519977092743,0.230182752013206,0.467297211289406,0.365189909934998,0.419929057359695,0.214881047606468,166.36143275669642,0.0
2024-03-31,164.9600067138672,0.302519977092743,0.230182752013206,0.467297211289406,0.365189909934998,0.419929057359695,0.214881047606468,165.9471479143415,0.0
2024-04-01,163.3699951171875,0.263164222240448,0.45676389336586,0.280071794986725,0.36518993973732,0.419929027557373,0.214881047606468,165.28714643205916,0.0
2024-04-02,160.11000061035156,0.263164222240448,0.45676389336586,0.280071794986725,0.36518993973732,0.419929027557373,0.214881047606468,164.2471466064453,0.0
2024-04-03,159.33999633789062,0.263164222240448,0.45676389336586,0.280071794986725,0.36518993973732,0.419929027557373,0.214881047606468,163.23714556012834,0.0
2024-04-04,158.83999633789062,0.264659653107325,0.382490212718646,0.352850159009298,0.365189909934998,0.419929027557373,0.214881032705307,162.36285836356026,0.0
2024-04-05,161.77000427246094,0.260646183043718,0.487564206123352,0.251789588481188,0.365189902484417,0.419929072260857,0.214881047606468,161.90714372907365,0.0
2024-04-06,161.77000427246094,0.260646183043718,0.487564206123352,0.251789588481188,0.365189902484417,0.419929072260857,0.214881047606468,161.45142909458704,1.0
2024-04-07,161.77000427246094,0.260646183043718,0.487564206123352,0.251789588481188,0.365189902484417,0.419929072260857,0.214881047606468,160.99571446010046,1.0
2024-04-08,160.27000427246094,0.443107008934021,0.328165858983994,0.228727124631405,0.365189909934998,0.419929057359695,0.214881047606468,160.55285862513952,0.0
2024-04-09,162.66000366210938,0.443107008934021,0.328165858983994,0.228727124631405,0.365189909934998,0.419929057359695,0.214881047606468,160.91714477539062,1.0
2024-04-10,160.27999877929688,0.443107008934021,0.328165858983994,0.228727124631405,0.365189909934998,0.419929057359695,0.214881047606468,161.05143083844865,0.0
2024-04-11,165.4199981689453,0.252557665109634,0.373003542423248,0.374438772598902,0.360945741335551,0.377395033836365,0.261659264564514,161.9914311000279,1.0
2024-04-12,159.3699951171875,0.252557665109634,0.373003542423248,0.374438772598902,0.360945741335551,0.377395033836365,0.261659264564514,161.64857264927454,0.0
2024-04-13,159.3699951171875,0.246296594540278,0.476089835166931,0.277613520622253,0.365189909934998,0.419929027557373,0.214881032705307,161.3057141985212,0.0
2024-04-14,159.3699951171875,0.250881060957909,0.359791154662768,0.389327754577001,0.365189909934998,0.419929027557373,0.214881032705307,160.96285574776786,0.0
2024-04-15,155.60000610351562,0.250881060957909,0.359791154662768,0.389327754577001,0.365189909934998,0.419929027557373,0.214881032705307,160.29571315220423,0.0
2024-04-16,156.66000366210938,0.250881060957909,0.359791154662768,0.389327754577001,0.365189909934998,0.419929027557373,0.214881032705307,159.4385702950614,0.0
2024-04-17,158.3699951171875,0.244045689702034,0.438460409641266,0.317493915557861,0.36518993973732,0.419929027557373,0.214881047606468,159.16571262904577,0.0
2024-04-18,160.10000610351562,0.264350339770317,0.500511720776558,0.235137917101383,0.365189909934998,0.419929057359695,0.214881047606468,158.4057137625558,1.0
2024-04-19,155.00999450683594,0.21850697696209,0.505196690559387,0.276296317577362,0.239543065428734,0.500909388065338,0.259547531604767,157.78285653250558,0.0
2024-04-20,155.00999450683594,0.21850697696209,0.505196690559387,0.276296317577362,0.239543065428734,0.500909388065338,0.259547531604767,157.15999930245536,0.0
2024-04-21,155.00999450683594,0.241455413401127,0.400324583053589,0.358220003545284,0.365189902484417,0.419929072260857,0.214881047606468,156.53714207240515,0.0
2024-04-22,156.61000061035156,0.244154840707779,0.437874376773834,0.317970782518387,0.36518993973732,0.419929027557373,0.214881047606468,156.68142700195312,0.0
2024-04-23,160.9499969482422,0.267900715271632,0.445103277762731,0.286995987097422,0.365189909934998,0.419929027557373,0.214881032705307,157.2942831856864,1.0
2024-04-24,162.83999633789062,0.246073320508003,0.468141138553619,0.285785526037216,0.36518993973732,0.419929027557373,0.214881047606468,157.93285478864397,1.0
2024-04-25,163.00999450683594,0.277891829609871,0.360288858413696,0.361819341778755,0.365189909934998,0.419929057359695,0.214881047606468,158.34856741768974,1.0
2024-04-26,164.22999572753906,0.277891829609871,0.360288858413696,0.361819341778755,0.365189909934998,0.419929057359695,0.214881047606468,159.66571044921875,1.0
2024-04-27,164.22999572753906,0.273428390423457,0.48821962873141,0.238351960976919,0.365189909934998,0.419929027557373,0.214881032705307,160.98285348074776,1.0
2024-04-28,164.22999572753906,0.273428390423457,0.48821962873141,0.238351960976919,0.365189909934998,0.419929027557373,0.214881032705307,162.29999651227678,1.0
2024-04-29,162.25,0.248958170413971,0.451758176088333,0.299283683300018,0.36518993973732,0.419929027557373,0.214881047606468,163.10571071079798,0.0
2024-04-30,158.57000732421875,0.248958170413971,0.451758176088333,0.299283683300018,0.36518993973732,0.419929027557373,0.214881047606468,162.76571219308036,0.0
2024-05-01,156.16000366210938,0.248958170413971,0.451758176088333,0.299283683300018,0.36518993973732,0.419929027557373,0.214881047606468,161.8114275251116,0.0
2024-05-02,158.3300018310547,0.248958170413971,0.451758176088333,0.299283683300018,0.36518993973732,0.419929027557373,0.214881047606468,161.14285714285714,0.0
2024-05-03,159.7100067138672,0.284722442428271,0.489486535390218,0.225791037082672,0.365189909934998,0.419929027557373,0.214881032705307,160.4971444266183,0.0
2024-05-04,159.7100067138672,0.284722442428271,0.489486535390218,0.225791037082672,0.365189909934998,0.419929027557373,0.214881032705307,159.85143171037947,0.0
2024-05-05,159.7100067138672,0.284722442428271,0.489486535390218,0.225791037082672,0.365189909934998,0.419929027557373,0.214881032705307,159.20571899414062,1.0
2024-05-06,162.0,0.284722442428271,0.489486535390218,0.225791037082672,0.365189909934998,0.419929027557373,0.214881032705307,159.17000470842635,1.0
2024-05-07,159.80999755859375,0.265496507287025,0.360589317977428,0.373914137482643,0.365189909934998,0.419929057359695,0.214881047606468,159.3471461704799,1.0
2024-05-08,157.89999389648438,0.262712940573692,0.512060970067978,0.225226111710072,0.401001960039139,0.383531913161278,0.215466104447842,159.59571620396204,0.0
2024-05-09,147.0500030517578,0.257325684030851,0.395274852712949,0.347399478157361,0.320305421948433,0.421525498231252,0.258169084787369,157.98428780691964,0.0
2024-05-10,146.32000732421875,0.233004197478294,0.452492594718933,0.314503192901611,0.36518993973732,0.419929027557373,0.214881047606468,156.07143075125558,0.0
2024-05-11,146.32000732421875,0.233004197478294,0.452492594718933,0.314503192901611,0.36518993973732,0.419929027557373,0.214881047606468,154.1585736955915,0.0
2024-05-12,146.32000732421875,0.233004197478294,0.452492594718933,0.314503192901611,0.36518993973732,0.419929027557373,0.214881047606468,152.24571663992745,0.0
2024-05-13,149.1300048828125,0.233004197478294,0.452492594718933,0.314503192901611,0.36518993973732,0.419929027557373,0.214881047606468,150.40714590890067,0.0
2024-05-14,146.6999969482422,0.233004197478294,0.452492594718933,0.314503192901611,0.36518993973732,0.419929027557373,0.214881047606468,148.53428867885046,0.0
2024-05-15,145.8000030517578,0.237605348229408,0.454668581485748,0.307726114988327,0.36518993973732,0.419929027557373,0.214881047606468,146.80571855817522,0.0
2024-05-16,147.19000244140625,0.237605348229408,0.454668581485748,0.307726114988327,0.36518993973732,0.419929027557373,0.214881047606468,146.82571847098214,1.0
2024-05-17,145.66000366210938,0.237605348229408,0.454668581485748,0.307726114988327,0.36518993973732,0.419929027557373,0.214881047606468,146.73143223353796,0.0
2024-05-18,145.66000366210938,0.237605348229408,0.454668581485748,0.307726114988327,0.36518993973732,0.419929027557373,0.214881047606468,146.63714599609375,0.0
2024-05-19,145.66000366210938,0.237605348229408,0.454668581485748,0.307726114988327,0.36518993973732,0.419929027557373,0.214881047606468,146.54285975864954,0.0
2024-05-20,146.3699951171875,0.264649800956249,0.473303094506264,0.262047171592712,0.365189909934998,0.419929057359695,0.214881047606468,146.14857264927454,1.0
2024-05-21,144.10000610351562,0.264649800956249,0.473303094506264,0.262047171592712,0.365189909934998,0.419929057359695,0.214881047606468,145.7771453857422,0.0
2024-05-22,142.7100067138672,0.264649800956249,0.473303094506264,0.262047171592712,0.365189909934998,0.419929057359695,0.214881047606468,145.3357173374721,0.0
2024-05-23,141.0399932861328,0.264649800956249,0.473303094506264,0.262047171592712,0.365189909934998,0.419929057359695,0.214881047606468,144.45714460100447,0.0
2024-05-24,144.47000122070312,0.217942863702774,0.414955109357834,0.367101967334747,0.22042915225029,0.420961111783981,0.358609825372696,144.28714425223214,1.0
2024-05-25,144.47000122070312,0.276782542467117,0.50071781873703,0.222499653697014,0.36518993973732,0.419929027557373,0.214881047606468,144.11714390345983,1.0
2024-05-26,144.47000122070312,0.276782542467117,0.50071781873703,0.222499653697014,0.36518993973732,0.419929027557373,0.214881047606468,143.9471435546875,1.0
2024-05-27,144.47000122070312,0.271063655614853,0.514830470085144,0.214105919003487,0.36518993973732,0.419929027557373,0.214881047606468,143.67571585518974,1.0
2024-05-28,147.00999450683594,0.353670299053192,0.203796476125717,0.442533239722252,0.238169185817242,0.448571220040321,0.313259601593018,144.09142848423548,1.0
2024-05-29,146.61000061035156,0.255273461341858,0.488571703433991,0.256154835224152,0.36518993973732,0.419929027557373,0.214881047606468,144.64857046944755,1.0
2024-05-30,145.52000427246094,0.248557411134243,0.414963737130165,0.336478799581528,0.365189909934998,0.419929057359695,0.214881047606468,145.28857203892298,1.0
2024-05-31,144.92999267578125,0.362372934818268,0.479863812526067,0.157763247688611,0.365189909934998,0.419929027557373,0.214881032705307,145.35428510393416,0.0
2024-06-01,144.92999267578125,0.239378489553928,0.467052668333054,0.293568849563599,0.365189909934998,0.419929057359695,0.214881047606468,145.4199981689453,0.0
2024-06-02,144.92999267578125,0.263211637735367,0.478426516056061,0.258361756801605,0.36518993973732,0.419929027557373,0.214881047606468,145.48571123395647,0.0
2024-06-03,146.25,0.247027198473612,0.458380550146103,0.294592201709747,0.365189909934998,0.419929027557373,0.214881032705307,145.73999677385603,1.0
2024-06-04,147.0800018310547,0.255562712748845,0.406662185986837,0.337775081396103,0.365189909934998,0.419929027557373,0.214881032705307,145.74999782017298,1.0
2024-06-05,145.77999877929688,0.366283744573593,0.314626008272171,0.319090217351913,0.36518993973732,0.419929027557373,0.214881047606468,145.63142613002233,1.0
2024-06-06,147.0,0.249488770961761,0.467419117689133,0.283092111349106,0.365189909934998,0.419929057359695,0.214881047606468,145.84285409109933,1.0
2024-06-07,146.66000366210938,0.249488770961761,0.467419117689133,0.283092111349106,0.365189909934998,0.419929057359695,0.214881047606468,146.08999851771765,1.0
2024-06-08,146.66000366210938,0.231243506073952,0.533584356307983,0.235172107815743,0.294242858886719,0.445766359567642,0.259990751743317,146.33714294433594,1.0
2024-06-09,146.66000366210938,0.231243506073952,0.533584356307983,0.235172107815743,0.294242858886719,0.445766359567642,0.259990751743317,146.58428737095423,1.0
2024-06-10,148.07000732421875,0.267109051346779,0.411238953471184,0.32165202498436,0.365189909934998,0.419929057359695,0.214881047606468,146.8442884172712,1.0
2024-06-11,147.75,0.246020093560219,0.434607774019241,0.319372087717056,0.36518993973732,0.419929027557373,0.214881047606468,146.94000244140625,1.0
2024-06-12,149.32000732421875,0.246020093560219,0.434607774019241,0.319372087717056,0.36518993973732,0.419929027557373,0.214881047606468,147.44571794782365,1.0
2024-06-13,146.10000610351562,0.249900490045547,0.3290214240551,0.421078078448772,0.365189909934998,0.419929057359695,0.214881047606468,147.31714739118303,0.0
2024-06-14,145.97000122070312,0.249900490045547,0.3290214240551,0.421078078448772,0.365189909934998,0.419929057359695,0.214881047606468,147.21857561383928,0.0
2024-06-15,145.97000122070312,0.254225343465805,0.493487775325775,0.252286940813065,0.36518993973732,0.419929027557373,0.214881047606468,147.12000383649553,0.0
2024-06-16,145.97000122070312,0.249753206968308,0.509836077690125,0.24041074514389,0.36518993973732,0.419929027557373,0.214881047606468,147.02143205915178,0.0
2024-06-17,149.5,0.249753206968308,0.509836077690125,0.24041074514389,0.36518993973732,0.419929027557373,0.214881047606468,147.22571672712053,1.0
2024-06-18,147.2899932861328,0.237227901816368,0.513317108154297,0.249454915523529,0.36518993973732,0.419929027557373,0.214881047606468,147.16000148228235,1.0
2024-06-19,147.2899932861328,0.237227901816368,0.513317108154297,0.249454915523529,0.36518993973732,0.419929027557373,0.214881047606468,146.8699994768415,1.0
2024-06-20,147.8800048828125,0.32123726606369,0.430269673466682,0.248493060469627,0.365189909934998,0.419929057359695,0.214881047606468,147.12428501674108,1.0
2024-06-21,149.57000732421875,0.32123726606369,0.430269673466682,0.248493060469627,0.365189909934998,0.419929057359695,0.214881047606468,147.6385716029576,1.0
2024-06-22,149.57000732421875,0.261685490608215,0.482467591762543,0.255846917629242,0.36518993973732,0.419929027557373,0.214881047606468,148.1528581891741,1.0
2024-06-23,149.57000732421875,0.247479155659676,0.471900016069412,0.280620783567429,0.36518993973732,0.419929027557373,0.214881047606468,148.66714477539062,1.0
2024-06-24,148.38999938964844,0.235531479120255,0.52532821893692,0.239140227437019,0.28017270565033,0.351350605487824,0.368476748466492,148.5085732596261,0.0
2024-06-25,150.91000366210938,0.274781316518784,0.508602201938629,0.21661639213562,0.36518993973732,0.419929027557373,0.214881047606468,149.02571759905135,1.0
2024-06-26,150.0,0.249350532889366,0.498083502054215,0.252565950155258,0.36518993973732,0.419929027557373,0.214881047606468,149.41286141531808,1.0
2024-06-27,151.61000061035156,0.249350532889366,0.498083502054215,0.252565950155258,0.36518993973732,0.419929027557373,0.214881047606468,149.94571794782365,1.0
2024-06-28,151.6300048828125,0.214387074112892,0.469063669443131,0.316549330949783,0.36518993973732,0.419929027557373,0.214881047606468,150.24000331333704,1.0
2024-06-29,151.6300048828125,0.262125412623088,0.467474063237508,0.270400539040566,0.365189909934998,0.419929027557373,0.214881032705307,150.53428867885046,1.0
2024-06-30,151.6300048828125,0.262125412623088,0.467474063237508,0.270400539040566,0.365189909934998,0.419929027557373,0.214881032705307,150.82857404436385,1.0
2024-07-01,151.6300048828125,0.230748139321804,0.437593713402748,0.331658154726028,0.365189909934998,0.419929057359695,0.214881047606468,151.2914319719587,1.0
2024-07-02,154.33999633789062,0.230748139321804,0.437593713402748,0.331658154726028,0.365189909934998,0.419929057359695,0.214881047606468,151.78143092564173,1.0
2024-07-03,152.72999572753906,0.230748139321804,0.437593713402748,0.331658154726028,0.365189909934998,0.419929057359695,0.214881047606468,152.17143031529017,1.0
2024-07-04,152.72999572753906,0.243291482329369,0.467045292258263,0.289663232862949,0.365189909934998,0.419929057359695,0.214881047606468,152.33142961774553,1.0
2024-07-05,152.5,0.243291482329369,0.467045292258263,0.289663232862949,0.365189909934998,0.419929057359695,0.214881047606468,152.4557146344866,1.0
2024-07-06,152.5,0.259579785168171,0.336768604815006,0.403651669621468,0.365189909934998,0.419929057359695,0.214881047606468,152.57999965122767,0.0
2024-07-07,152.5,0.259579785168171,0.336768604815006,0.403651669621468,0.365189909934998,0.419929057359695,0.214881047606468,152.70428466796875,0.0
2024-07-08,151.9600067138672,0.246930420398712,0.459421664476395,0.293647885322571,0.36518993973732,0.419929027557373,0.214881047606468,152.75142778669084,0.0
2024-07-09,152.4499969482422,0.260385870933533,0.451528489589691,0.288085699081421,0.365189909934998,0.419929057359695,0.214881047606468,152.48142787388392,0.0
2024-07-10,151.83999633789062,0.442967146635056,0.316774934530258,0.240257933735847,0.36518993973732,0.419929027557373,0.214881047606468,152.35428510393416,0.0
2024-07-11,146.0,0.255912095308304,0.449287086725235,0.294800862669945,0.365189909934998,0.419929057359695,0.214881047606468,151.39285714285714,0.0
2024-07-12,146.77999877929688,0.265983670949936,0.486261159181595,0.247755169868469,0.36518993973732,0.419929027557373,0.214881047606468,150.57571411132812,0.0
2024-07-13,146.77999877929688,0.248680849870046,0.46773836016655,0.283580780029297,0.365189909934998,0.419929027557373,0.214881032705307,149.7585710797991,0.0
2024-07-14,146.77999877929688,0.23823348681132,0.25680851439635,0.504958023627599,0.365189909934998,0.419929027557373,0.214881032705307,148.9414280482701,0.0
2024-07-15,147.22000122070312,0.266261667013168,0.410950988531113,0.322787314653397,0.36518993973732,0.419929027557373,0.214881047606468,148.26428440638952,0.0
2024-07-16,151.25999450683594,0.267842620611191,0.494552463293076,0.237604841589928,0.36518993973732,0.419929027557373,0.214881047606468,148.0942840576172,1.0
2024-07-17,148.0,0.264544919133186,0.4386245906353,0.296830490231514,0.365189909934998,0.419929057359695,0.214881047606468,147.54571315220423,1.0
2024-07-18,146.8800048828125,0.281398350000382,0.449151742458344,0.269449898600578,0.365189909934998,0.419929051399231,0.214881059527397,147.67142813546317,0.0
2024-07-19,147.99000549316406,0.281398350000382,0.449151742458344,0.269449898600578,0.365189909934998,0.419929051399231,0.214881059527397,147.8442862374442,1.0
2024-07-20,147.99000549316406,0.264304727315903,0.484441538651784,0.251253773768743,0.365189909934998,0.419929027557373,0.214881032705307,148.01714433942522,0.0
2024-07-21,147.99000549316406,0.261567234992981,0.504260629415512,0.234172098338604,0.309811219573021,0.393593207001686,0.296595521271229,148.19000244140625,0.0
2024-07-22,150.17999267578125,0.261567234992981,0.504260629415512,0.234172098338604,0.309811219573021,0.393593207001686,0.296595521271229,148.61285836356026,1.0
2024-07-23,148.75,0.269825160503387,0.393110990524292,0.337063893675804,0.365189909934998,0.419929057359695,0.214881047606468,148.25428771972656,1.0
2024-07-24,144.22999572753906,0.269825160503387,0.393110990524292,0.337063893675804,0.365189909934998,0.419929057359695,0.214881047606468,147.71571568080358,0.0
2024-07-25,140.02999877929688,0.269825160503387,0.393110990524292,0.337063893675804,0.365189909934998,0.419929057359695,0.214881047606468,146.73714338030135,0.0
2024-07-26,140.10000610351562,0.269825160503387,0.393110990524292,0.337063893675804,0.365189909934998,0.419929057359695,0.214881047606468,145.61000061035156,0.0
2024-07-27,140.10000610351562,0.250418558716774,0.490651652216911,0.258929818868637,0.365189909934998,0.419929057359695,0.214881047606468,144.48285784040178,0.0
2024-07-28,140.10000610351562,0.262544184923172,0.438942164182663,0.298513680696487,0.36518993973732,0.419929027557373,0.214881047606468,143.35571507045202,0.0
2024-07-29,140.2899932861328,0.262544184923172,0.438942164182663,0.298513680696487,0.36518993973732,0.419929027557373,0.214881047606468,141.94285801478796,0.0
2024-07-30,138.99000549316406,0.262109905481339,0.478783398866653,0.25910672545433,0.365189909934998,0.419929057359695,0.214881047606468,140.54857308523995,0.0
2024-07-31,139.55999755859375,0.262109905481339,0.478783398866653,0.25910672545433,0.365189909934998,0.419929057359695,0.214881047606468,139.88143048967635,0.0
2024-08-01,135.08999633789062,0.262109905481339,0.478783398866653,0.25910672545433,0.365189909934998,0.419929057359695,0.214881047606468,139.17571585518974,0.0
2024-08-02,128.22999572753906,0.221053063869476,0.536524891853333,0.24242202937603,0.267720848321915,0.27362522482872,0.458653926849365,137.48000008719308,0.0
2024-08-03,128.22999572753906,0.221053063869476,0.536524891853333,0.24242202937603,0.267720848321915,0.27362522482872,0.458653926849365,135.78428431919642,0.0
2024-08-04,128.22999572753906,0.221053063869476,0.536524891853333,0.24242202937603,0.267720848321915,0.27362522482872,0.458653926849365,134.08856855119978,0.0
2024-08-05,125.30999755859376,0.244903832674027,0.489291101694107,0.265805155038834,0.36518993973732,0.419929027557373,0.214881047606468,131.94856916155135,0.0
2024-08-06,130.47000122070312,0.250345283746719,0.346663123369217,0.40299157500267,0.348096749186516,0.37813224196434,0.273771008849144,130.73142569405692,0.0
2024-08-07,113.01000213623048,0.260749310255051,0.167068392038345,0.572182238101959,0.36518993973732,0.419929027557373,0.214881047606468,126.93856920514789,0.0
2024-08-08,114.63999938964844,0.331624954938889,0.490764379501343,0.177610650658607,0.36518993973732,0.419929027557373,0.214881047606468,124.01714106968471,0.0
2024-08-09,115.08000183105467,0.331624954938889,0.490764379501343,0.177610650658607,0.36518993973732,0.419929027557373,0.214881047606468,122.13857051304409,0.0
2024-08-10,115.08000183105467,0.265551865100861,0.225232720375061,0.509215474128723,0.36518993973732,0.419929027557373,0.214881047606468,120.25999995640346,0.0
2024-08-11,115.08000183105467,0.280676799515883,0.299980426828067,0.419342781106631,0.365189909934998,0.419929047425588,0.214881067474683,118.38142939976284,0.0
2024-08-12,113.62000274658205,0.248445488512516,0.403592973947525,0.347961492836475,0.365189909934998,0.419929057359695,0.214881047606468,116.71143014090401,0.0
2024-08-13,116.9000015258789,0.248445488512516,0.403592973947525,0.347961492836475,0.365189909934998,0.419929057359695,0.214881047606468,114.77285875592914,1.0
2024-08-14,116.23999786376952,0.248445488512516,0.403592973947525,0.347961492836475,0.365189909934998,0.419929057359695,0.214881047606468,115.23428671700614,1.0
2024-08-15,118.87999725341795,0.248445488512516,0.403592973947525,0.347961492836475,0.365189909934998,0.419929057359695,0.214881047606468,115.84000069754464,1.0
2024-08-16,116.30999755859376,0.248445488512516,0.403592973947525,0.347961492836475,0.365189909934998,0.419929057359695,0.214881047606468,116.01571437290737,1.0
2024-08-17,116.30999755859376,0.252345914642016,0.456987927357356,0.290666192770004,0.365189909934998,0.419929027557373,0.214881032705307,116.19142804827008,1.0
2024-08-18,116.30999755859376,0.294986257950465,0.413608739773432,0.291404982407888,0.365189909934998,0.419929027557373,0.214881032705307,116.36714172363281,0.0
2024-08-19,119.13999938964844,0.294986257950465,0.413608739773432,0.291404982407888,0.365189909934998,0.419929027557373,0.214881032705307,117.1557126726423,1.0
2024-08-20,117.37999725341795,0.265292853116989,0.419832080602646,0.314875036478043,0.36518993973732,0.419929027557373,0.214881047606468,117.22428349086216,1.0
2024-08-21,117.68000030517578,0.248840540647507,0.375887935360273,0.375271479288737,0.365189909934998,0.419929027557373,0.214881032705307,117.42999812534877,1.0
2024-08-22,115.4499969482422,0.248840540647507,0.375887935360273,0.375271479288737,0.365189909934998,0.419929027557373,0.214881032705307,116.93999808175224,0.0
2024-08-23,116.8499984741211,0.248840540647507,0.375887935360273,0.375271479288737,0.365189909934998,0.419929027557373,0.214881032705307,117.01714106968471,0.0
2024-08-24,116.8499984741211,0.242124557495117,0.476011067628861,0.281864434480667,0.36518993973732,0.419929027557373,0.214881047606468,117.09428405761719,0.0
2024-08-25,116.8499984741211,0.270689725875855,0.505382239818573,0.223928108811378,0.36518993973732,0.419929027557373,0.214881047606468,117.17142704554966,0.0
2024-08-26,115.70999908447266,0.270689725875855,0.505382239818573,0.223928108811378,0.36518993973732,0.419929027557373,0.214881047606468,116.68142700195312,0.0
2024-08-27,116.73999786376952,0.270689725875855,0.505382239818573,0.223928108811378,0.36518993973732,0.419929027557373,0.214881047606468,116.58999851771763,1.0
2024-08-28,117.52999877929688,0.415735632181168,0.338869214057922,0.245395168662071,0.36518993973732,0.419929027557373,0.214881047606468,116.56856972830636,1.0
2024-08-29,116.5999984741211,0.415735632181168,0.338869214057922,0.245395168662071,0.36518993973732,0.419929027557373,0.214881047606468,116.73285566057477,0.0
2024-08-30,117.30999755859376,0.415735632181168,0.338869214057922,0.245395168662071,0.36518993973732,0.419929027557373,0.214881047606468,116.79856981549945,1.0
2024-08-31,117.30999755859376,0.415735632181168,0.338869214057922,0.245395168662071,0.36518993973732,0.419929027557373,0.214881047606468,116.86428397042411,1.0
2024-09-01,117.30999755859376,0.415735632181168,0.338869214057922,0.245395168662071,0.36518993973732,0.419929027557373,0.214881047606468,116.92999812534877,1.0
2024-09-02,117.30999755859376,0.272654205560684,0.457442998886108,0.26990282535553,0.36518993973732,0.419929027557373,0.214881047606468,117.1585693359375,1.0
2024-09-03,114.9800033569336,0.38373190164566,0.331196844577789,0.285071313381195,0.36518993973732,0.419929027557373,0.214881047606468,116.90714154924665,0.0
2024-09-04,115.20999908447266,0.249827156464259,0.488701313734055,0.261471539735794,0.365189909934998,0.419929027557373,0.214881032705307,116.57571302141461,0.0
2024-09-05,116.16000366210938,0.249827156464259,0.488701313734055,0.261471539735794,0.365189909934998,0.419929027557373,0.214881032705307,116.51285661969867,0.0
2024-09-06,114.27999877929688,0.33038954436779,0.44315105676651,0.226459436118603,0.365189909934998,0.419929057359695,0.214881047606468,116.07999965122768,0.0
2024-09-07,114.27999877929688,0.299724951386452,0.3478186391294,0.352456387132406,0.339641533792019,0.369966372847557,0.290392093360424,115.6471426827567,0.0
2024-09-08,114.27999877929688,0.293168351054192,0.367574959993362,0.339256688952446,0.365189909934998,0.419929057359695,0.214881047606468,115.21428571428571,0.0
2024-09-09,116.36000061035156,0.293168351054192,0.367574959993362,0.339256688952446,0.365189909934998,0.419929057359695,0.214881047606468,115.07857186453683,1.0
2024-09-10,115.12000274658205,0.293168351054192,0.367574959993362,0.339256688952446,0.365189909934998,0.419929057359695,0.214881047606468,115.09857177734375,1.0
2024-09-11,115.95999908447266,0.2590401917696,0.494466707110405,0.246493093669415,0.365189909934998,0.419929057359695,0.214881047606468,115.20571463448661,1.0
2024-09-12,117.36000061035156,0.2590401917696,0.494466707110405,0.246493093669415,0.365189909934998,0.419929057359695,0.214881047606468,115.37714276994977,1.0
2024-09-13,117.75,0.26389941573143,0.343051768839359,0.393048763275147,0.365189909934998,0.419929057359695,0.214881047606468,115.87285723005023,1.0
2024-09-14,117.75,0.26389941573143,0.343051768839359,0.393048763275147,0.365189909934998,0.419929057359695,0.214881047606468,116.36857169015067,1.0
2024-09-15,117.75,0.26389941573143,0.343051768839359,0.393048763275147,0.365189909934998,0.419929057359695,0.214881047606468,116.86428615025112,1.0
2024-09-16,117.5500030517578,0.257694765925407,0.394705817103386,0.347599431872368,0.365189909934998,0.419929057359695,0.214881047606468,117.03428649902344,1.0
2024-09-17,122.12000274658205,0.395352944731712,0.321173369884491,0.283473715186119,0.365189909934998,0.419929057359695,0.214881047606468,118.03428649902344,1.0
2024-09-18,122.41999816894533,0.395352944731712,0.321173369884491,0.283473715186119,0.365189909934998,0.419929057359695,0.214881047606468,118.95714351109098,1.0
2024-09-19,128.75,0.395352944731712,0.321173369884491,0.283473715186119,0.365189909934998,0.419929057359695,0.214881047606468,120.58428628104073,1.0
2024-09-20,131.17999267578125,0.330875471234322,0.480862870812416,0.188261665403843,0.365189909934998,0.419929057359695,0.214881047606468,122.5028566632952,1.0
2024-09-21,131.17999267578125,0.330875471234322,0.480862870812416,0.188261665403843,0.365189909934998,0.419929057359695,0.214881047606468,124.42142704554966,1.0
2024-09-22,131.17999267578125,0.330875471234322,0.480862870812416,0.188261665403843,0.365189909934998,0.419929057359695,0.214881047606468,126.33999742780414,1.0
2024-09-23,129.02999877929688,0.26126766204834,0.511166214942932,0.227566137909889,0.36518993973732,0.419929027557373,0.214881047606468,127.97999681745257,1.0
2024-09-24,131.47999572753906,0.233648344874382,0.470315277576447,0.29603636264801,0.36518993973732,0.419929027557373,0.214881047606468,129.317138671875,1.0
2024-09-25,130.7100067138672,0.242423266172409,0.35719096660614,0.400385737419128,0.36518993973732,0.419929027557373,0.214881047606468,130.50142560686385,1.0
2024-09-26,129.25,0.242423266172409,0.35719096660614,0.400385737419128,0.36518993973732,0.419929027557373,0.214881047606468,130.5728541782924,0.0
2024-09-27,128.25,0.260649502277374,0.494050920009613,0.245299577713013,0.36518993973732,0.419929027557373,0.214881047606468,130.15428379603796,0.0
2024-09-28,128.25,0.260649502277374,0.494050920009613,0.245299577713013,0.36518993973732,0.419929027557373,0.214881047606468,129.7357134137835,0.0
2024-09-29,128.25,0.225220248103142,0.475236475467682,0.299543291330338,0.36518993973732,0.419929027557373,0.214881047606468,129.317143031529,0.0
2024-09-30,126.80999755859376,0.236831866204739,0.181364946067333,0.581803172826767,0.23746644705534,0.450408205389977,0.312125369906426,129.0,0.0
2024-10-01,125.47000122070312,0.236831866204739,0.181364946067333,0.581803172826767,0.23746644705534,0.450408205389977,0.312125369906426,128.1414293561663,0.0
2024-10-02,126.18000030517578,0.236831866204739,0.181364946067333,0.581803172826767,0.23746644705534,0.450408205389977,0.312125369906426,127.4942855834961,0.0
2024-10-03,125.29000091552734,0.236831866204739,0.181364946067333,0.581803172826767,0.23746644705534,0.450408205389977,0.312125369906426,126.92857142857143,0.0
2024-10-04,129.85000610351562,0.236831866204739,0.181364946067333,0.581803172826767,0.23746644705534,0.450408205389977,0.312125369906426,127.15714372907367,1.0
2024-10-05,129.85000610351562,0.236831866204739,0.181364946067333,0.581803172826767,0.23746644705534,0.450408205389977,0.312125369906426,127.38571602957589,1.0
2024-10-06,129.85000610351562,0.236831866204739,0.181364946067333,0.581803172826767,0.23746644705534,0.450408205389977,0.312125369906426,127.61428833007812,1.0
2024-10-07,130.22999572753906,0.236831866204739,0.181364946067333,0.581803172826767,0.23746644705534,0.450408205389977,0.312125369906426,128.1028594970703,1.0
2024-10-08,132.5,0.236831866204739,0.181364946067333,0.581803172826767,0.23746644705534,0.450408205389977,0.312125369906426,129.10714503696985,1.0
2024-10-09,135.49000549316406,0.233777031302452,0.521821558475494,0.244401440024376,0.280798047780991,0.271052330732346,0.448149621486664,130.43714577811105,1.0
2024-10-10,132.80999755859375,0.393236070871353,0.380092352628708,0.226671531796455,0.36518993973732,0.419929027557373,0.214881047606468,131.51143101283483,1.0
2024-10-11,134.39999389648438,0.29802360634009,0.453057656685511,0.248918746908506,0.283466850717862,0.45526189605395,0.261271327733994,132.16142926897322,1.0
2024-10-12,134.39999389648438,0.29802360634009,0.453057656685511,0.248918746908506,0.283466850717862,0.45526189605395,0.261271327733994,132.8114275251116,1.0
2024-10-13,134.39999389648438,0.29802360634009,0.453057656685511,0.248918746908506,0.283466850717862,0.45526189605395,0.261271327733994,133.46142578125,1.0
2024-10-14,134.7899932861328,0.382622390985489,0.355770066380501,0.261607572436333,0.300504133105278,0.451333418488503,0.248162396252155,134.11285400390625,1.0
2024-10-15,133.27000427246094,0.238442003726959,0.479805588722229,0.281752467155457,0.36518993973732,0.419929027557373,0.214881047606468,134.2228546142578,0.0
2024-10-16,135.14999389648438,0.238442003726959,0.479805588722229,0.281752467155457,0.36518993973732,0.419929027557373,0.214881047606468,134.17428152901786,1.0
2024-10-17,136.02000427246094,0.238442003726959,0.479805588722229,0.281752467155457,0.36518993973732,0.419929027557373,0.214881047606468,134.63285391671317,1.0
2024-10-18,136.4499969482422,0.238442003726959,0.479805588722229,0.281752467155457,0.36518993973732,0.419929027557373,0.214881047606468,134.92571149553572,1.0
2024-10-19,136.4499969482422,0.238442003726959,0.479805588722229,0.281752467155457,0.36518993973732,0.419929027557373,0.214881047606468,135.21856907435827,1.0
2024-10-20,136.4499969482422,0.240520586570104,0.454407344261805,0.305072074135145,0.319070090850194,0.439988752206167,0.240941186745962,135.5114266531808,1.0
2024-10-21,137.19000244140625,0.254723846912384,0.329509235918522,0.41576686501503,0.365189909934998,0.419929057359695,0.214881047606468,135.85428510393416,1.0
2024-10-22,135.58999633789062,0.233435988426209,0.533222854137421,0.233341112732887,0.26307886838913,0.433929145336151,0.302991956472397,136.18571254185267,0.0
2024-10-23,131.9199981689453,0.274111554026604,0.448798481374979,0.277089942246676,0.253595001995564,0.439005069434643,0.307399917393923,135.72428458077567,0.0
2024-10-24,132.75,0.266626417636871,0.383744120597839,0.349629521369934,0.36518993973732,0.419929027557373,0.214881047606468,135.25714111328125,0.0
2024-10-25,134.5800018310547,0.246872593959173,0.411819199721019,0.341308176517487,0.289956485231717,0.391941785812378,0.318101758758227,134.98999895368303,0.0
2024-10-26,134.5800018310547,0.246872593959173,0.411819199721019,0.341308176517487,0.289956485231717,0.391941785812378,0.318101758758227,134.72285679408483,0.0
2024-10-27,134.5800018310547,0.250719279050827,0.371774822473526,0.377505891025066,0.307854026556015,0.427794396877289,0.264351569116116,134.4557146344866,1.0
2024-10-28,135.77999877929688,0.264751806855202,0.496084377169609,0.23916382342577,0.365189909934998,0.419929057359695,0.214881047606468,134.25428553989954,1.0
2024-10-29,137.77999877929688,0.264751806855202,0.496084377169609,0.23916382342577,0.365189909934998,0.419929057359695,0.214881047606468,134.567143031529,1.0
2024-10-30,136.5,0.264751806855202,0.496084377169609,0.23916382342577,0.365189909934998,0.419929057359695,0.214881047606468,135.22142900739397,1.0
2024-10-31,134.7899932861328,0.264751806855202,0.496084377169609,0.23916382342577,0.365189909934998,0.419929057359695,0.214881047606468,135.51285661969865,0.0
2024-11-01,136.4600067138672,0.264751806855202,0.496084377169609,0.23916382342577,0.365189909934998,0.419929057359695,0.214881047606468,135.78142874581474,1.0
2024-11-02,136.4600067138672,0.264751806855202,0.496084377169609,0.23916382342577,0.365189909934998,0.419929057359695,0.214881047606468,136.0500008719308,1.0
2024-11-03,136.4600067138672,0.252203673124313,0.244486153125763,0.503310143947601,0.297783136367798,0.264346987009048,0.437869787216187,136.31857299804688,1.0
2024-11-04,136.8699951171875,0.315072968602181,0.51903760433197,0.165889471769333,0.300528630614281,0.443393439054489,0.256077863276005,136.47428676060267,1.0
2024-11-05,137.82000732421875,0.315072968602181,0.51903760433197,0.165889471769333,0.300528630614281,0.443393439054489,0.256077863276005,136.4800022670201,1.0
2024-11-06,140.91000366210938,0.251175075769424,0.549091696739197,0.199733212590218,0.217815116047859,0.49187445640564,0.290310382843018,137.11000279017858,1.0
2024-11-07,147.3699951171875,0.222365364432335,0.487446397542954,0.290188203255336,0.251072309083409,0.362575494580799,0.386352201302846,138.90714590890067,1.0
2024-11-08,134.61000061035156,0.253718934953213,0.355640947818756,0.390640124678612,0.379203036427498,0.358769670128822,0.26202730089426,138.64285932268416,0.0
2024-11-09,134.61000061035156,0.336199909448624,0.465533077716827,0.198266983032227,0.36518993973732,0.419929027557373,0.214881047606468,138.37857273646765,0.0
2024-11-10,134.61000061035156,0.336199909448624,0.465533077716827,0.198266983032227,0.36518993973732,0.419929027557373,0.214881047606468,138.1142861502511,0.0
2024-11-11,137.39999389648438,0.240382812917233,0.281307071447372,0.478310137987137,0.232359297573566,0.407019764184952,0.360620938241482,138.19000026157923,0.0
2024-11-12,133.1999969482422,0.240382812917233,0.281307071447372,0.478310137987137,0.232359297573566,0.407019764184952,0.360620938241482,137.52999877929688,0.0
2024-11-13,132.75999450683594,0.236694768071175,0.178239464759827,0.58506578207016,0.36518993973732,0.419929027557373,0.214881047606468,136.36571175711495,0.0
2024-11-14,134.55999755859375,0.236694768071175,0.178239464759827,0.58506578207016,0.36518993973732,0.419929027557373,0.214881047606468,134.53571210588728,1.0
2024-11-15,132.5,0.236694768071175,0.178239464759827,0.58506578207016,0.36518993973732,0.419929027557373,0.214881047606468,134.23428344726562,0.0
2024-11-16,132.5,0.236694768071175,0.178239464759827,0.58506578207016,0.36518993973732,0.419929027557373,0.214881047606468,133.93285478864397,0.0
2024-11-17,132.5,0.219266131520271,0.451412126421928,0.329321756958962,0.305942215025425,0.313769638538361,0.380288228392601,133.63142613002233,0.0
2024-11-18,132.19000244140625,0.219266131520271,0.451412126421928,0.329321756958962,0.305942215025425,0.313769638538361,0.380288228392601,132.88714163643974,0.0
2024-11-19,131.44000244140625,0.219266131520271,0.451412126421928,0.329321756958962,0.305942215025425,0.313769638538361,0.380288228392601,132.6357138497489,0.0
2024-11-20,135.25,0.219266131520271,0.451412126421928,0.329321756958962,0.305942215025425,0.313769638538361,0.380288228392601,132.9914289202009,1.0
2024-11-21,133.25999450683594,0.302273534238338,0.492304295301437,0.205422125756741,0.259600028395653,0.358725354075432,0.381674587726593,132.8057141985212,1.0
2024-11-22,137.33999633789062,0.249593414366245,0.389525204896927,0.360881328582764,0.319067671895027,0.358684316277504,0.322247989475727,133.4971422467913,1.0
2024-11-23,137.33999633789062,0.210821360349655,0.503659546375275,0.285519123077393,0.310646414756775,0.28607302904129,0.403280586004257,134.1885702950614,1.0
2024-11-24,137.33999633789062,0.210821360349655,0.503659546375275,0.285519123077393,0.310646414756775,0.28607302904129,0.403280586004257,134.87999834333147,1.0
2024-11-25,140.92999267578125,0.336792707443237,0.324224025011063,0.338983327150345,0.36518993973732,0.419929027557373,0.214881047606468,136.1285683768136,1.0
2024-11-26,139.6699981689453,0.336792707443237,0.324224025011063,0.338983327150345,0.36518993973732,0.419929027557373,0.214881047606468,137.30428205217635,1.0
2024-11-27,138.27999877929688,0.336792707443237,0.324224025011063,0.338983327150345,0.36518993973732,0.419929027557373,0.214881047606468,137.73713902064733,1.0
2024-11-28,138.27999877929688,0.336792707443237,0.324224025011063,0.338983327150345,0.36518993973732,0.419929027557373,0.214881047606468,138.45428248814173,0.0
2024-11-29,136.11000061035156,0.336792707443237,0.324224025011063,0.338983327150345,0.36518993973732,0.419929027557373,0.214881047606468,138.278568812779,0.0
2024-11-30,136.11000061035156,0.267552733421326,0.23700413107872,0.495443105697632,0.36518993973732,0.419929027557373,0.214881047606468,138.1028551374163,0.0
2024-12-01,136.11000061035156,0.313210308551788,0.406143084168434,0.280646666884422,0.365189909934998,0.419929057359695,0.214881047606468,137.92714146205358,0.0
2024-12-02,137.49000549316406,0.313210308551788,0.406143084168434,0.280646666884422,0.365189909934998,0.419929057359695,0.214881047606468,137.4357147216797,1.0
2024-12-03,137.4600067138672,0.304240226745605,0.465659906466802,0.230099886655808,0.291713833808899,0.374104777971904,0.334181442856789,137.12000165666853,1.0
2024-12-04,139.07000732421875,0.304240226745605,0.465659906466802,0.230099886655808,0.291713833808899,0.374104777971904,0.334181442856789,137.2328600202288,1.0
2024-12-05,136.32000732421875,0.246995933353901,0.419210940599442,0.333793148398399,0.30779692530632,0.387860640883446,0.304342396557331,136.95286124093192,0.0
2024-12-06,136.9199981689453,0.240979209542274,0.503971457481384,0.255049347877502,0.36518993973732,0.419929027557373,0.214881047606468,137.0685751778739,0.0
2024-12-07,136.9199981689453,0.240979209542274,0.503971457481384,0.255049347877502,0.36518993973732,0.419929027557373,0.214881047606468,137.18428911481584,0.0
2024-12-08,136.9199981689453,0.240979209542274,0.503971457481384,0.255049347877502,0.36518993973732,0.419929027557373,0.214881047606468,137.3000030517578,0.0
2024-12-09,137.27000427246094,0.240979209542274,0.503971457481384,0.255049347877502,0.36518993973732,0.419929027557373,0.214881047606468,137.26857430594308,1.0
2024-12-10,138.3000030517578,0.263232529163361,0.301723003387451,0.435044437646866,0.36518993973732,0.419929027557373,0.214881047606468,137.3885737827846,1.0
2024-12-11,138.83999633789062,0.263232529163361,0.301723003387451,0.435044437646866,0.36518993973732,0.419929027557373,0.214881047606468,137.35571507045202,1.0
2024-12-12,137.47000122070312,0.331793658435345,0.450654044747353,0.2175522595644,0.256805278360844,0.296136952936649,0.447057813405991,137.51999991280692,0.0
2024-12-13,130.9499969482422,0.225894689559937,0.408164471387863,0.365940853953362,0.252523571252823,0.395621657371521,0.351854786276817,136.6671425955636,0.0
2024-12-14,130.9499969482422,0.227195098996162,0.488682478666306,0.284122377634048,0.374944448471069,0.393065690994263,0.231989875435829,135.8142852783203,0.0
2024-12-15,130.9499969482422,0.266153812408447,0.279660582542419,0.4541856944561,0.259528607130051,0.335899919271469,0.40457147359848,134.96142796107702,0.0
2024-12-16,132.1999969482422,0.266153812408447,0.279660582542419,0.4541856944561,0.259528607130051,0.335899919271469,0.40457147359848,134.23714120047433,0.0
2024-12-17,132.24000549316406,0.227040782570839,0.397059440612793,0.375899851322174,0.2427688986063,0.454332888126373,0.302898198366165,133.37142726353235,0.0
2024-12-18,127.54000091552734,0.324623465538025,0.465738579630852,0.209637969732285,0.301547594368458,0.46460847556591,0.233843930065632,131.75714220319475,0.0
2024-12-19,129.35000610351562,0.343840256333351,0.442269280552864,0.213890507817268,0.365189909934998,0.419929057359695,0.214881047606468,130.59714290073939,0.0
2024-12-20,134.2100067138672,0.343840256333351,0.442269280552864,0.213890507817268,0.365189909934998,0.419929057359695,0.214881047606468,131.06285858154297,1.0
2024-12-21,134.2100067138672,0.343840256333351,0.442269280552864,0.213890507817268,0.365189909934998,0.419929057359695,0.214881047606468,131.52857426234655,1.0
2024-12-22,134.2100067138672,0.241536557674408,0.512999534606934,0.245463967323303,0.233032688498497,0.487898617982864,0.279068648815155,131.9942899431501,1.0
2024-12-23,134.52000427246094,0.241536557674408,0.512999534606934,0.245463967323303,0.233032688498497,0.487898617982864,0.279068648815155,132.32571956089564,1.0
2024-12-24,134.99000549316406,0.241536557674408,0.512999534606934,0.245463967323303,0.233032688498497,0.487898617982864,0.279068648815155,132.7185767037528,1.0
2024-12-25,134.99000549316406,0.241536557674408,0.512999534606934,0.245463967323303,0.233032688498497,0.487898617982864,0.279068648815155,133.7828630719866,1.0
2024-12-26,135.32000732421875,0.255746185779572,0.23900306224823,0.505250692367554,0.2691470682621,0.309150844812393,0.421702057123184,134.6357203892299,1.0
2024-12-27,133.38499450683594,0.255746185779572,0.23900306224823,0.505250692367554,0.2691470682621,0.309150844812393,0.421702057123184,134.51786150251115,0.0
2024-12-28,133.38499450683594,0.255746185779572,0.23900306224823,0.505250692367554,0.2691470682621,0.309150844812393,0.421702057123184,134.4000026157924,0.0
2024-12-29,133.38499450683594,0.342937469482422,0.490113765001297,0.16694875061512,0.36518993973732,0.419929027557373,0.214881047606468,134.28214372907365,0.0
2024-12-30,131.80999755859375,0.342937469482422,0.490113765001297,0.16694875061512,0.36518993973732,0.419929027557373,0.214881047606468,133.89499991280692,0.0
2024-12-31,131.41000366210938,0.369376987218857,0.462257027626038,0.168365940451622,0.36518993973732,0.419929027557373,0.214881047606468,133.3835710797991,0.0
